d1,d2,d3,x,y,z,value,label,label_clean,Model,ROI_model
70,92,21,1.55897434055805,-0.737790524959564,-3.52155131101608,9.499, Agranular Dysgranular Insular Cortex_left,agranular_dysgranular_insular_cortex_left,Lmod1_peaks,agranular_dysgranular_insular_cortex_left_Lmod1_peaks
83,75,72,3.69230774044991,-3.52499973773956,4.83189688622952,7.461,right Primary Visual Cortex,right_primary_visual_cortex,Lmod1_peaks,right_primary_visual_cortex_Lmod1_peaks
47,46,56,-2.2153847515583,-8.27965074777603,2.21120725572109,7.443,left Molecular Layer of the Cerebellum_left,left_molecular_layer_of_the_cerebellum_left,Lmod1_peaks,left_molecular_layer_of_the_cerebellum_left_Lmod1_peaks
87,88,39,4.34871801733971,-1.39360445737839,-0.573275476694107,7.414,right Striatum,right_striatum,Lmod1_peaks,right_striatum_Lmod1_peaks
85,45,37,4.02051287889481,-8.44360423088074,-0.90086168050766,7.341,right Middle Cerebellar Peduncle ,right_middle_cerebellar_peduncle,Lmod1_peaks,right_middle_cerebellar_peduncle_Lmod1_peaks
14,86,40,-7.63076953589916,-1.7215114235878,-0.409482374787331,7.223,left Primary Auditory Cortex_left,left_primary_auditory_cortex_left,Lmod1_peaks,left_primary_auditory_cortex_left_Lmod1_peaks
68,111,63,1.23076920211315,2.37732565402985,3.35775896906853,6.639,right Primary Cingular Cortex,right_primary_cingular_cortex,Lmod1_peaks,right_primary_cingular_cortex_Lmod1_peaks
39,45,26,-3.52820530533791,-8.44360423088074,-2.7025858014822,5.581,left Brainstem_left,left_brainstem_left,Lmod1_peaks,left_brainstem_left_Lmod1_peaks
49,80,54,-1.8871796131134,-2.70523232221603,1.88362105190754,5.443,left Dentate Gyrus_left,left_dentate_gyrus_left,Lmod1_peaks,left_dentate_gyrus_left_Lmod1_peaks
43,9,33,-2.8717950284481,-14.3459296226501,-1.55603408813477,5.371, Agranular Dysgranular Insular Cortex_left,agranular_dysgranular_insular_cortex_left_2,Lmod1_peaks,agranular_dysgranular_insular_cortex_left_2_Lmod1_peaks
34,79,20,-4.34871815145016,-2.86918580532074,-3.68534441292286,5.325,left Entorhinal Cortex_left,left_entorhinal_cortex_left,Lmod1_peaks,left_entorhinal_cortex_left_Lmod1_peaks
38,99,70,-3.69230787456036,0.409883856773376,4.5043106824159604,5.304,left Primary Somatosensory Cortex Forelimb_left,left_primary_somatosensory_cortex_forelimb_left,Lmod1_peaks,left_primary_somatosensory_cortex_forelimb_left_Lmod1_peaks
67,61,16,1.0666666328907,-5.82034850120544,-4.34051682054996,4.967, Agranular Dysgranular Insular Cortex_left,agranular_dysgranular_insular_cortex_left_3,Lmod1_peaks,agranular_dysgranular_insular_cortex_left_3_Lmod1_peaks
51,143,64,-1.5589744746685,7.62383711338043,3.5215520709753,4.723,left Frontal Association Cortex_left,left_frontal_association_cortex_left,Lmod1_peaks,left_frontal_association_cortex_left_Lmod1_peaks
16,44,35,-7.30256439745426,-8.60755771398544,-1.22844788432121,4.653,left Granule Cell Level of the Cerebellum_left,left_granule_cell_level_of_the_cerebellum_left,Lmod1_peaks,left_granule_cell_level_of_the_cerebellum_left_Lmod1_peaks
80,29,61,3.20000003278255,-11.066859960556,3.03017276525497,4.602,right Molecular Layer of the Cerebellum,right_molecular_layer_of_the_cerebellum,Lmod1_peaks,right_molecular_layer_of_the_cerebellum_Lmod1_peaks
95,117,48,5.66153857111931,3.36104655265808,0.900862440466881,4.588,right Primary Somatosensory Cortex Upperlips,right_primary_somatosensory_cortex_upperlips,Lmod1_peaks,right_primary_somatosensory_cortex_upperlips_Lmod1_peaks
55,171,61,-0.902564197778702,12.2145346403122,3.03017276525497,3.937,left Olfactory Bulb_left,left_olfactory_bulb_left,Lmod1_peaks,left_olfactory_bulb_left_Lmod1_peaks
32,126,64,-4.67692328989506,4.83662790060043,3.5215520709753,3.698, Agranular Dysgranular Insular Cortex_left,agranular_dysgranular_insular_cortex_left_4,Lmod1_peaks,agranular_dysgranular_insular_cortex_left_4_Lmod1_peaks
24,103,24,-5.98974384367466,1.0656977891922,-3.03017200529575,3.653, Agranular Dysgranular Insular Cortex_left,agranular_dysgranular_insular_cortex_left_5,Lmod1_peaks,agranular_dysgranular_insular_cortex_left_5_Lmod1_peaks
58,131,33,-0.410256490111351,5.65639531612396,-1.55603408813477,3.413,left Olfactory Bulb_left,left_olfactory_bulb_left_2,Lmod1_peaks,left_olfactory_bulb_left_2_Lmod1_peaks
50,113,17,-1.72307704389095,2.70523262023926,-4.17672371864319,3.099, Agranular Dysgranular Insular Cortex_left,agranular_dysgranular_insular_cortex_left_6,Lmod1_peaks,agranular_dysgranular_insular_cortex_left_6_Lmod1_peaks
51,79,21,-1.5589744746685,-2.86918580532074,-3.52155131101608,-8.034, Agranular Dysgranular Insular Cortex_left,agranular_dysgranular_insular_cortex_left_7,Lmod1_peaks,agranular_dysgranular_insular_cortex_left_7_Lmod1_peaks
27,36,34,-5.49743613600731,-9.91918557882309,-1.39224098622799,-7.805,left Granule Cell Level of the Cerebellum_left,left_granule_cell_level_of_the_cerebellum_left_2,Lmod1_peaks,left_granule_cell_level_of_the_cerebellum_left_2_Lmod1_peaks
93,112,35,5.33333343267441,2.54127913713455,-1.22844788432121,-7.542,right Entorhinal Cortex,right_entorhinal_cortex,Lmod1_peaks,right_entorhinal_cortex_Lmod1_peaks
51,123,42,-1.5589744746685,4.34476745128632,-0.0818961709737778,-7.448,left PreLimbic System_left,left_pre_limbic_system_left,Lmod1_peaks,left_pre_limbic_system_left_Lmod1_peaks
42,18,44,-3.03589759767056,-12.8703482747078,0.245690032839775,-7.329,left Molecular Layer of the Cerebellum_left,left_molecular_layer_of_the_cerebellum_left_2,Lmod1_peaks,left_molecular_layer_of_the_cerebellum_left_2_Lmod1_peaks
63,98,50,0.4102563560009,0.245930373668671,1.22844864428043,-6.753,right Ventral Hippocampal Commissure,right_ventral_hippocampal_commissure,Lmod1_peaks,right_ventral_hippocampal_commissure_Lmod1_peaks
89,81,62,4.67692315578461,-2.54127883911133,3.19396586716175,-6.415,right Parietal Cortex Postero Rostral,right_parietal_cortex_postero_rostral,Lmod1_peaks,right_parietal_cortex_postero_rostral_Lmod1_peaks
24,66,50,-5.98974384367466,-5.00058108568192,1.22844864428043,-6.058,left Corpus Callosum and Associated Subcortical White Matter_left,left_corpus_callosum_and_associated_subcortical_white_matter_left,Lmod1_peaks,left_corpus_callosum_and_associated_subcortical_white_matter_left_Lmod1_peaks
67,163,51,1.0666666328907,10.9029067754745,1.39224174618721,-5.956,right Olfactory Bulb,right_olfactory_bulb,Lmod1_peaks,right_olfactory_bulb_Lmod1_peaks
72,34,50,1.88717947900295,-10.2470925450325,1.22844864428043,-5.846,right Granule Cell Level of the Cerebellum,right_granule_cell_level_of_the_cerebellum,Lmod1_peaks,right_granule_cell_level_of_the_cerebellum_Lmod1_peaks
71,70,42,1.7230769097805,-4.34476715326309,-0.0818961709737778,-4.92,right Brainstem,right_brainstem,Lmod1_peaks,right_brainstem_Lmod1_peaks
99,66,21,6.31794884800911,-5.00058108568192,-3.52155131101608,-4.899, Agranular Dysgranular Insular Cortex_left,agranular_dysgranular_insular_cortex_left_8,Lmod1_peaks,agranular_dysgranular_insular_cortex_left_8_Lmod1_peaks
100,30,34,6.48205141723156,-10.9029064774513,-1.39224098622799,-4.88,right Molecular Layer of the Cerebellum,right_molecular_layer_of_the_cerebellum_2,Lmod1_peaks,right_molecular_layer_of_the_cerebellum_2_Lmod1_peaks
85,123,60,4.02051287889481,4.34476745128632,2.8663796633482,-4.675,right Primary Somatosensory Cortex Jaw,right_primary_somatosensory_cortex_jaw,Lmod1_peaks,right_primary_somatosensory_cortex_jaw_Lmod1_peaks
46,115,74,-2.37948732078075,3.03313958644867,5.15948309004307,-4.611, Agranular Dysgranular Insular Cortex_left,agranular_dysgranular_insular_cortex_left_9,Lmod1_peaks,agranular_dysgranular_insular_cortex_left_9_Lmod1_peaks
77,103,74,2.7076923251152,1.0656977891922,5.15948309004307,-4.324, Agranular Dysgranular Insular Cortex_left,agranular_dysgranular_insular_cortex_left_10,Lmod1_peaks,agranular_dysgranular_insular_cortex_left_10_Lmod1_peaks
69,15,19,1.3948717713356,-13.3622087240219,-3.84913751482964,-4.227,right Brainstem,right_brainstem_2,Lmod1_peaks,right_brainstem_2_Lmod1_peaks
50,62,53,-1.72307704389095,-5.65639501810074,1.71982795000076,-4.172,left Deeper Layers of the Superior Colliculus_left,left_deeper_layers_of_the_superior_colliculus_left,Lmod1_peaks,left_deeper_layers_of_the_superior_colliculus_left_Lmod1_peaks
25,38,60,-5.82564127445221,-9.59127861261368,2.8663796633482,-3.738, Agranular Dysgranular Insular Cortex_left,agranular_dysgranular_insular_cortex_left_11,Lmod1_peaks,agranular_dysgranular_insular_cortex_left_11_Lmod1_peaks
55,47,14,-0.902564197778702,-8.11569726467133,-4.66810302436352,-3.211,left Brainstem_left,left_brainstem_left_2,Lmod1_peaks,left_brainstem_left_2_Lmod1_peaks
102,61,51,6.81025655567646,-5.82034850120544,1.39224174618721,-3.001, Agranular Dysgranular Insular Cortex_left,agranular_dysgranular_insular_cortex_left_12,Lmod1_peaks,agranular_dysgranular_insular_cortex_left_12_Lmod1_peaks
32,88,62,-4.67692328989506,-1.39360445737839,3.19396586716175,-2.867,left Lateral Parietal Associative Cortex_left,left_lateral_parietal_associative_cortex_left,Lmod1_peaks,left_lateral_parietal_associative_cortex_left_Lmod1_peaks
56,28,70,-0.738461628556252,-11.2308134436607,4.5043106824159604,-2.832, Agranular Dysgranular Insular Cortex_left,agranular_dysgranular_insular_cortex_left_13,Lmod1_peaks,agranular_dysgranular_insular_cortex_left_13_Lmod1_peaks
61,37,39,0.0820512175559998,-9.75523209571838,-0.573275476694107,8.414,right Molecular Layer of the Cerebellum,right_molecular_layer_of_the_cerebellum,Pmod1_peaks,right_molecular_layer_of_the_cerebellum_Pmod1_peaks
87,98,37,4.34871801733971,0.245930373668671,-0.90086168050766,7.016,right Striatum,right_striatum,Pmod1_peaks,right_striatum_Pmod1_peaks
62,106,31,0.24615378677845,1.55755823850632,-1.88362029194832,7.01,right Basal Forebrain Region,right_basal_forebrain_region,Pmod1_peaks,right_basal_forebrain_region_Pmod1_peaks
78,84,73,2.87179489433765,-2.04941838979721,4.99568998813629,6.865,right Lateral Parietal Associative Cortex,right_lateral_parietal_associative_cortex,Pmod1_peaks,right_lateral_parietal_associative_cortex_Pmod1_peaks
53,84,75,-1.2307693362236,-2.04941838979721,5.32327619194984,6.708,left Retosplenial Dysgranular Cortex_left,left_retosplenial_dysgranular_cortex_left,Pmod1_peaks,left_retosplenial_dysgranular_cortex_left_Pmod1_peaks
28,44,33,-5.33333356678486,-8.60755771398544,-1.55603408813477,6.292,left Molecular Layer of the Cerebellum_left,left_molecular_layer_of_the_cerebellum_left,Pmod1_peaks,left_molecular_layer_of_the_cerebellum_left_Pmod1_peaks
70,64,60,1.55897434055805,-5.32848805189133,2.8663796633482,6.282,right Parasubiculum,right_parasubiculum,Pmod1_peaks,right_parasubiculum_Pmod1_peaks
73,67,30,2.0512820482254,-4.83662760257721,-2.04741339385509,6.106,right Substantia Nigra,right_substantia_nigra,Pmod1_peaks,right_substantia_nigra_Pmod1_peaks
79,88,14,3.0358974635601,-1.39360445737839,-4.66810302436352,6.085, Agranular Dysgranular Insular Cortex_left,agranular_dysgranular_insular_cortex_left,Pmod1_peaks,agranular_dysgranular_insular_cortex_left_Pmod1_peaks
36,88,15,-4.02051301300526,-1.39360445737839,-4.50430992245674,6.033, Agranular Dysgranular Insular Cortex_left,agranular_dysgranular_insular_cortex_left_2,Pmod1_peaks,agranular_dysgranular_insular_cortex_left_2_Pmod1_peaks
65,108,56,0.738461494445801,1.88546520471573,2.21120725572109,5.803,right Corpus Callosum and Associated Subcortical White Matter,right_corpus_callosum_and_associated_subcortical_white_matter,Pmod1_peaks,right_corpus_callosum_and_associated_subcortical_white_matter_Pmod1_peaks
45,77,50,-2.5435898900032,-3.19709277153015,1.22844864428043,5.764,left Thalamus_left ,left_thalamus_left,Pmod1_peaks,left_thalamus_left_Pmod1_peaks
49,52,64,-1.8871796131134,-7.2959298491478,3.5215520709753,5.67, Agranular Dysgranular Insular Cortex_left,agranular_dysgranular_insular_cortex_left_3,Pmod1_peaks,agranular_dysgranular_insular_cortex_left_3_Pmod1_peaks
81,30,59,3.364102602005,-10.9029064774513,2.70258656144142,5.459,right Molecular Layer of the Cerebellum,right_molecular_layer_of_the_cerebellum_2,Pmod1_peaks,right_molecular_layer_of_the_cerebellum_2_Pmod1_peaks
23,112,60,-6.15384641289711,2.54127913713455,2.8663796633482,5.431, Agranular Dysgranular Insular Cortex_left,agranular_dysgranular_insular_cortex_left_4,Pmod1_peaks,agranular_dysgranular_insular_cortex_left_4_Pmod1_peaks
15,70,40,-7.46666696667671,-4.34476715326309,-0.409482374787331,5.346,left Ectorhinal Cortex_left,left_ectorhinal_cortex_left,Pmod1_peaks,left_ectorhinal_cortex_left_Pmod1_peaks
105,60,39,7.30256426334381,-5.98430198431015,-0.573275476694107,5.102, Agranular Dysgranular Insular Cortex_left,agranular_dysgranular_insular_cortex_left_5,Pmod1_peaks,agranular_dysgranular_insular_cortex_left_5_Pmod1_peaks
99,37,30,6.31794884800911,-9.75523209571838,-2.04741339385509,4.78,right Granule Cell Level of the Cerebellum,right_granule_cell_level_of_the_cerebellum,Pmod1_peaks,right_granule_cell_level_of_the_cerebellum_Pmod1_peaks
31,33,57,-4.84102585911751,-10.4110460281372,2.37500035762787,4.148,left Molecular Layer of the Cerebellum_left,left_molecular_layer_of_the_cerebellum_left_2,Pmod1_peaks,left_molecular_layer_of_the_cerebellum_left_2_Pmod1_peaks
35,20,24,-4.18461558222771,-12.5424413084984,-3.03017200529575,3.78,left Inferior Cerebellar Peduncle/Spinal Trigeminal Tract_left,left_inferior_cerebellar_peduncle_spinal_trigeminal_tract_left,Pmod1_peaks,left_inferior_cerebellar_peduncle_spinal_trigeminal_tract_left_Pmod1_peaks
57,171,65,-0.574359059333801,12.2145346403122,3.68534517288208,3.128,left Olfactory Bulb_left,left_olfactory_bulb_left,Pmod1_peaks,left_olfactory_bulb_left_Pmod1_peaks
54,128,44,-1.06666676700115,5.16453486680984,0.245690032839775,3.091,left Olfactory Bulb_left,left_olfactory_bulb_left_2,Pmod1_peaks,left_olfactory_bulb_left_2_Pmod1_peaks
94,77,53,5.49743600189686,-3.19709277153015,1.71982795000076,2.951,right Primary Auditory Cortex,right_primary_auditory_cortex,Pmod1_peaks,right_primary_auditory_cortex_Pmod1_peaks
62,135,68,0.24615378677845,6.31220924854279,4.17672447860241,2.806, Agranular Dysgranular Insular Cortex_left,agranular_dysgranular_insular_cortex_left_6,Pmod1_peaks,agranular_dysgranular_insular_cortex_left_6_Pmod1_peaks
16,95,33,-7.30256439745426,-0.245930075645447,-1.55603408813477,2.649, Agranular Dysgranular Insular Cortex_left,agranular_dysgranular_insular_cortex_left_7,Pmod1_peaks,agranular_dysgranular_insular_cortex_left_7_Pmod1_peaks
77,38,14,2.7076923251152,-9.59127861261368,-4.66810302436352,2.529, Agranular Dysgranular Insular Cortex_left,agranular_dysgranular_insular_cortex_left_8,Pmod1_peaks,agranular_dysgranular_insular_cortex_left_8_Pmod1_peaks
55,73,66,-0.902564197778702,-3.85290670394897,3.84913827478886,-8.938,left Retrosplenial Granular Cortex Part B_left,left_retrosplenial_granular_cortex_part_b_left,Pmod1_peaks,left_retrosplenial_granular_cortex_part_b_left_Pmod1_peaks
47,45,53,-2.2153847515583,-8.44360423088074,1.71982795000076,-7.788,left Molecular Layer of the Cerebellum_left,left_molecular_layer_of_the_cerebellum_left_3,Pmod1_peaks,left_molecular_layer_of_the_cerebellum_left_3_Pmod1_peaks
59,17,24,-0.246153920888901,-13.0343017578125,-3.03017200529575,-6.808,right Periventricular Grey,right_periventricular_grey,Pmod1_peaks,right_periventricular_grey_Pmod1_peaks
28,62,50,-5.33333356678486,-5.65639501810074,1.22844864428043,-6.79,left Subiculum_left,left_subiculum_left,Pmod1_peaks,left_subiculum_left_Pmod1_peaks
67,77,24,1.0666666328907,-3.19709277153015,-3.03017200529575,-6.76,right Hypothalamic Region,right_hypothalamic_region,Pmod1_peaks,right_hypothalamic_region_Pmod1_peaks
57,45,22,-0.574359059333801,-8.44360423088074,-3.35775820910931,-6.674,left Brainstem_left,left_brainstem_left,Pmod1_peaks,left_brainstem_left_Pmod1_peaks
87,56,47,4.34871801733971,-6.64011591672897,0.737069338560104,-6.557,right Perirhinal Area 36,right_perirhinal_area_36,Pmod1_peaks,right_perirhinal_area_36_Pmod1_peaks
80,30,46,3.20000003278255,-10.9029064774513,0.573276236653328,-6.24,right Molecular Layer of the Cerebellum,right_molecular_layer_of_the_cerebellum_3,Pmod1_peaks,right_molecular_layer_of_the_cerebellum_3_Pmod1_peaks
53,120,31,-1.2307693362236,3.8529070019722,-1.88362029194832,-5.795,left Basal Forebrain Region_left,left_basal_forebrain_region_left,Pmod1_peaks,left_basal_forebrain_region_left_Pmod1_peaks
24,86,67,-5.98974384367466,-1.7215114235878,4.01293137669563,-5.689,left Primary Somatosensory Cortex Barrel field_left,left_primary_somatosensory_cortex_barrel_field_left,Pmod1_peaks,left_primary_somatosensory_cortex_barrel_field_left_Pmod1_peaks
72,147,65,1.88717947900295,8.27965104579926,3.68534517288208,-5.255, Agranular Dysgranular Insular Cortex_left,agranular_dysgranular_insular_cortex_left_9,Pmod1_peaks,agranular_dysgranular_insular_cortex_left_9_Pmod1_peaks
58,22,54,-0.410256490111351,-12.214534342289,1.88362105190754,-5.249,right Molecular Layer of the Cerebellum,right_molecular_layer_of_the_cerebellum_4,Pmod1_peaks,right_molecular_layer_of_the_cerebellum_4_Pmod1_peaks
91,106,66,5.00512829422951,1.55755823850632,3.84913827478886,-5.202,right Primary Somatosensory Cortex Dysgranular,right_primary_somatosensory_cortex_dysgranular,Pmod1_peaks,right_primary_somatosensory_cortex_dysgranular_Pmod1_peaks
21,32,53,-6.48205155134201,-10.5749995112419,1.71982795000076,-5.025, Agranular Dysgranular Insular Cortex_left,agranular_dysgranular_insular_cortex_left_10,Pmod1_peaks,agranular_dysgranular_insular_cortex_left_10_Pmod1_peaks
89,124,44,4.67692315578461,4.50872093439102,0.245690032839775,-4.926,right Agranular Insular Cortex,right_agranular_insular_cortex,Pmod1_peaks,right_agranular_insular_cortex_Pmod1_peaks
76,115,18,2.54358975589275,3.03313958644867,-4.01293061673641,-4.857, Agranular Dysgranular Insular Cortex_left,agranular_dysgranular_insular_cortex_left_11,Pmod1_peaks,agranular_dysgranular_insular_cortex_left_11_Pmod1_peaks
22,31,25,-6.31794898211956,-10.738952994346599,-2.86637890338898,-4.835, Agranular Dysgranular Insular Cortex_left,agranular_dysgranular_insular_cortex_left_12,Pmod1_peaks,agranular_dysgranular_insular_cortex_left_12_Pmod1_peaks
73,102,50,2.0512820482254,0.901744306087494,1.22844864428043,-4.745,right Descending Corticofugal Pathways and Globus Pallidum,right_descending_corticofugal_pathways_and_globus_pallidum,Pmod1_peaks,right_descending_corticofugal_pathways_and_globus_pallidum_Pmod1_peaks
26,106,32,-5.66153870522976,1.55755823850632,-1.71982719004154,-4.725,left Entorhinal Cortex_left,left_entorhinal_cortex_left,Pmod1_peaks,left_entorhinal_cortex_left_Pmod1_peaks
98,87,21,6.15384627878666,-1.55755794048309,-3.52155131101608,-4.673, Agranular Dysgranular Insular Cortex_left,agranular_dysgranular_insular_cortex_left_13,Pmod1_peaks,agranular_dysgranular_insular_cortex_left_13_Pmod1_peaks
47,135,59,-2.2153847515583,6.31220924854279,2.70258656144142,-4.347,left Primary Motor Cortex_left,left_primary_motor_cortex_left,Pmod1_peaks,left_primary_motor_cortex_left_Pmod1_peaks
18,69,28,-6.97435925900936,-4.5087206363678,-2.37499959766865,-3.917,left Lateral Entorhinal Cortex Internal part_left,left_lateral_entorhinal_cortex_internal_part_left,Pmod1_peaks,left_lateral_entorhinal_cortex_internal_part_left_Pmod1_peaks
45,165,56,-2.5435898900032,11.230813741684,2.21120725572109,-3.465, Agranular Dysgranular Insular Cortex_left,agranular_dysgranular_insular_cortex_left_14,Pmod1_peaks,agranular_dysgranular_insular_cortex_left_14_Pmod1_peaks
68,152,41,1.23076920211315,9.09941846132278,-0.245689272880554,-2.822, Agranular Dysgranular Insular Cortex_left,agranular_dysgranular_insular_cortex_left_15,Pmod1_peaks,agranular_dysgranular_insular_cortex_left_15_Pmod1_peaks
